"","income_group","averted_deaths_undiscmonqalys_low","averted_deaths_undiscmonqalys_med","averted_deaths_undiscmonqalys_high"
"1","HIC",2290002.6695593,592646439.420803,42040273871.4025
"2","LIC",6.19478957283425,453317.093420583,7040151.56969951
"3","LMIC",2076.36120587052,6235533.51294537,1195355841.03779
"4","UMIC",211044.011530987,33845986.8376536,4623926702.47472
