"","income_group","averted_deaths_discqalys_low","averted_deaths_discqalys_med","averted_deaths_discqalys_high"
"1","HIC",77.1183809571336,12543.4169090435,993914.491397641
"2","UMIC",23.6459564501332,5578.02883839292,625327.993016763
"3","LMIC",1.27876696231614,4980.65379425473,695152.411717736
"4","LIC",0,1401.95331850151,28137.7494173467
