"","income_group","averted_deaths_undiscmonqalys_low","averted_deaths_undiscmonqalys_med","averted_deaths_undiscmonqalys_high"
"1","HIC",4811895971761.67,4999732394023.43,5263539011591.59
"2","LIC",457082165.296281,481295767.949527,501912098.915418
"3","LMIC",116032435582.559,123312276623.21,128295120795.935
"4","UMIC",368967119229.309,384598429197.966,395757693004.514
