"","income_group","averted_deaths_discqalys_low","averted_deaths_discqalys_med","averted_deaths_discqalys_high"
"1","HIC",100525083.224696,104328423.470991,109840712.318663
"2","UMIC",52062488.2065328,54054301.3358417,55612085.0609143
"3","LMIC",86354152.9543748,92219584.761524,95452895.2817338
"4","LIC",1895899.22657271,1992503.9247583,2071293.33285688
