"","income_group","averted_deaths_discmonqalys_low","averted_deaths_discmonqalys_med","averted_deaths_discmonqalys_high"
"1","HIC",3400694037794.01,3527258702596.99,3714652147697.01
"2","UMIC",267042922676.415,278038940665.663,285784277763.809
"3","LMIC",83398071119.4386,88511574970.8867,92053498292.8711
"4","LIC",334286134.534695,352244741.033559,367174843.076434
