"","income_group","averted_deaths_undiscqalys_low","averted_deaths_undiscqalys_med","averted_deaths_undiscqalys_high"
"1","HIC",142439831.042703,147822134.576826,155874455.240611
"2","LIC",2582479.17875148,2711104.63809135,2823769.08019934
"3","LMIC",120312674.375125,128336043.117183,132893896.028054
"4","UMIC",72507812.6830327,75283431.3168744,77499401.8007059
