"","income_group","averted_deaths_discmonqalys_low","averted_deaths_discmonqalys_med","averted_deaths_discmonqalys_high"
"1","HIC",1105097.96225362,335286843.880933,30247665643.4189
"2","UMIC",117453.33781019,21068250.403539,3376965075.17161
"3","LMIC",1394.13724596265,3698684.68264673,899297880.189086
"4","LIC",3.57501728915476,280689.223774877,5489236.09115244
