"","income_group","averted_deaths_undiscmonqalys_low","averted_deaths_undiscmonqalys_med","averted_deaths_undiscmonqalys_high"
"1","HIC",4758547983557.65,4944515158187.72,5206798924769.9
"2","LIC",452766201.375676,476526471.556922,497710976.562271
"3","LMIC",115686573877.246,123030062012.691,128044873274.472
"4","UMIC",366635175124.651,382162834252.668,393173727124.09
