"","income_group","averted_deaths_discmonqalys_low","averted_deaths_discmonqalys_med","averted_deaths_discmonqalys_high"
"1","HIC",3362978211744.2,3489226564175.85,3674459615260.89
"2","UMIC",265390474458.841,276320558059.947,283964709065.888
"3","LMIC",83165399288.7693,88314724455.2972,91886404429.7866
"4","LIC",331645704.106584,349212047.830974,364233089.659207
