"","income_group","averted_deaths_undiscqalys_low","averted_deaths_undiscqalys_med","averted_deaths_undiscqalys_high"
"1","HIC",170.883400727696,23547.120520408,1367924.79587322
"2","LIC",0,2213.24462474196,35898.6153220344
"3","LMIC",1.89731169750839,7951.74849183073,956817.009104414
"4","UMIC",41.9701350538561,9671.9869283607,854935.906415309
