"","income_group","del_cost_pgdp_low","del_cost_pgdp_med","del_cost_pgdp_high"
"1","HIC",0.00612030567555905,0.00612030567555905,0.00612030567555905
"2","UMIC",0.0210962593790781,0.0210962593790781,0.0210962593790781
"3","LMIC",0.0433025854008534,0.0433025854008534,0.0433025854008534
"4","LIC",0.0199212406127518,0.0199212406127518,0.0199212406127518
