"","income_group","del_cost_pgdp_low","del_cost_pgdp_med","del_cost_pgdp_high"
"1","HIC",0.00616135162437886,0.00616135162437886,0.00616135162437886
"2","UMIC",0.0212084401355088,0.0212084401355088,0.0212084401355088
"3","LMIC",0.0438281219522408,0.0438281219522408,0.0438281219522408
"4","LIC",0.0203566824092434,0.0203566824092434,0.0203566824092434
