"","income_group","del_cost_pgdp_low","del_cost_pgdp_med","del_cost_pgdp_high"
"1","HIC",0.000342959944258194,0.000342959944258194,0.000342959944258194
"2","UMIC",0.00145368766194122,0.00145368766194122,0.00145368766194122
"3","LMIC",0.00329422661115548,0.00329422661115548,0.00329422661115548
"4","LIC",0.00202998016726239,0.00202998016726239,0.00202998016726239
