"","income_group","del_cost_total_low","del_cost_total_med","del_cost_total_high"
"1","HIC",7925869133.05291,7925869133.05291,7925869133.05291
"2","UMIC",6323779408.93932,6323779408.93932,6323779408.93932
"3","LMIC",10990717119.6071,10990717119.6071,10990717119.6071
"4","LIC",253760518.42926,253760518.42926,253760518.42926
