"","income_group","discmonqalys_pgdp_low","discmonqalys_pgdp_med","discmonqalys_pgdp_high"
"1","HIC",5.99648086291897,6.22010452270622,6.54716230277714
"2","UMIC",2.85665556217853,2.97194990015382,3.05410892845475
"3","LMIC",0.999226048023394,1.05980552393751,1.10173283626883
"4","LIC",0.082212416154417,0.0865117145564994,0.0901346684432627
