"","income_group","discmonqalys_pp_low","discmonqalys_pp_med","discmonqalys_pp_high"
"1","HIC",4199.01696225982,4356.03272255463,4584.86850582221
"2","UMIC",483.375466172394,502.861467383358,516.719650270855
"3","LMIC",87.8636251230894,93.2400220459047,96.9712518269796
"4","LIC",15.5365852930924,16.3341257066857,17.0335355782449
