"","income_group","discvsly_pgdp_low","discvsly_pgdp_med","discvsly_pgdp_high"
"1","HIC",54.5055293581136,56.5603820773613,59.6500195610386
"2","UMIC",29.435313372327,30.6315587883565,31.5129804539635
"3","LMIC",16.2184662498316,17.2289645952381,17.9365894163986
"4","LIC",1.76917636440306,1.86754458480686,1.94950859880279
