"","income_group","discmonqalys_pp_gdppc_low","discmonqalys_pp_gdppc_med","discmonqalys_pp_gdppc_high"
"1","HIC",9.78406841115435,10.1489406146564,10.6825795551894
"2","UMIC",6.10456674501387,6.35094645939413,6.52651724874964
"3","LMIC",3.23213709218229,3.42808992138875,3.56370970595067
"4","LIC",2.244247570404,2.36161049980864,2.46051046940426
