"","income_group","discmonqalys_pgdp_low","discmonqalys_pgdp_med","discmonqalys_pgdp_high"
"1","HIC",5.93105768899376,6.15284043975659,6.4760680532825
"2","UMIC",2.83878080485105,2.95321873162258,3.03460545131412
"3","LMIC",0.996395136387179,1.05736480088344,1.0996778650371
"4","LIC",0.0815220204165175,0.0857067949119049,0.0893766686166575
