"","income_group","discvsly_pgdp_low","discvsly_pgdp_med","discvsly_pgdp_high"
"1","HIC",54.5747747080282,56.6272374335567,59.7197808079895
"2","UMIC",29.5850103600787,30.7745818655695,31.6743713218376
"3","LMIC",16.3310787308594,17.3350635346643,18.0403240830006
"4","LIC",1.79536836202619,1.89457184029068,1.97779993969016
