"","income_group","mean_discmonqalys_pgdp_low","mean_discmonqalys_pgdp_med","mean_discmonqalys_pgdp_high"
"1","HIC",0.113238699420856,0.117250321528781,0.123415473926702
"2","UMIC",0.0381791467091398,0.0396333189879515,0.0407738271668408
"3","LMIC",0.0116034181994447,0.0123993280052061,0.0129055337425218
"4","LIC",0.000566633141251906,0.000597353343369521,0.000629291810371164
