"","income_group","discqalys_averted_sum_low","discqalys_averted_sum_med","discqalys_averted_sum_high","population","popvac","discqaly_pp_low","discqaly_pp_med","discqaly_pp_high"
"1","H",101668157.084502,105509657.532081,110991093.9645,1204339202,828585370.976,0.122700883512759,0.127337099142602,0.133952514553525
"2","UM",58878481.5054053,60854534.3659605,62865246.3250375,1385584897,694178033.397,0.0848175520871498,0.0876641602560735,0.0905606966809405
"3","LM",78121082.7145464,84367344.2316578,87252246.13895,3157140822,940827964.956,0.083034396961404,0.0896735082014738,0.0927398519059014
"4","L",1821938.88399272,1918133.85775624,1996760.7225035,685250041,24463426.4637,0.0744760300318598,0.0784082254627112,0.0816222831853254
