"","income_group","discvsly_pp_gdppc_low","discvsly_pp_gdppc_med","discvsly_pp_gdppc_high"
"1","HIC",89.0461157924485,92.3949859342838,97.4408881278553
"2","UMIC",63.2220673665312,65.7641374534467,67.6869540733333
"3","LMIC",52.8251694656825,56.0726994222767,58.3539637892732
"4","LIC",49.0102501900622,51.7183224677646,53.9902963204222
