"","income_group","discqaly_pp_low","discqaly_pp_med","discqaly_pp_high"
"1","HIC",0.0394991612168023,0.0409916682525457,0.0432896489949769
"2","UMIC",0.030308132743962,0.0312429660822761,0.0322604547096503
"3","LMIC",0.0314394158994728,0.0333920293671073,0.0344371203575017
"4","LIC",0.0408829085297269,0.043584480337095,0.0459768619332344
