"","income_group","discmonqalys_pp_gdppc_low","discmonqalys_pp_gdppc_med","discmonqalys_pp_gdppc_high"
"1","HIC",9.8090380044205,10.1758318454237,10.7103995585379
"2","UMIC",6.0611255611225,6.30546377911082,6.47923384484304
"3","LMIC",3.25904850589701,3.45847048892882,3.59686972781903
"4","LIC",2.3108193004623,2.4294407186094,2.53346678351643
