"","income_group","discvsly_pp_gdppc_low","discvsly_pp_gdppc_med","discvsly_pp_gdppc_high"
"1","HIC",90.1435860111318,93.5419897147396,98.6517649161361
"2","UMIC",62.847800709299,65.4019231184974,67.2838603848083
"3","LMIC",53.0479990007857,56.3531768389168,58.6677040098347
"4","LIC",50.1489887995462,52.9373296809404,55.2606777103127
