"","income_group","discvsly_pp_low","discvsly_pp_med","discvsly_pp_high"
"1","HIC",38637.3589209511,40090.44305043,42279.8741378842
"2","UMIC",5037.60915604349,5240.16430930836,5393.3766133853
"3","LMIC",1440.09914045417,1528.63203389105,1590.82297217464
"4","LIC",342.163915303157,361.070258565418,376.931990874006
