"","income_group","discvsly_pp_low","discvsly_pp_med","discvsly_pp_high"
"1","HIC",38588.3352199359,40043.1113957061,42230.4851967179
"2","UMIC",5012.11939258044,5215.8109508162,5365.89566597953
"3","LMIC",1430.16880212164,1519.27606947567,1581.67549290087
"4","LIC",337.172206277926,355.919364881513,371.54018595422
