"","income_group","discmonqalys_pp_low","discmonqalys_pp_med","discmonqalys_pp_high"
"1","HIC",4245.33467344085,4403.65374397557,4635.20117415911
"2","UMIC",486.419103476523,506.05093072807,520.040619025725
"3","LMIC",88.1132591785735,93.4552486840327,97.1524622879206
"4","LIC",15.6681619175806,16.4875284639828,17.1779962883454
