"","income_group","discqaly_pp_low","discqaly_pp_med","discqaly_pp_high"
"1","HIC",0.125475313698895,0.130186710815646,0.136891504791097
"2","UMIC",0.0950432955715283,0.0985789931868954,0.10133969153844
"3","LMIC",0.0913256587887436,0.0973300341894647,0.100785266397444
"4","LIC",0.0888134226887401,0.0932988381536289,0.0969048527184231
