"","income_group","friction_costs_low","friction_costs_med","friction_costs_high"
"1","HIC",458303713850.274,480432380609.168,502977082086.14
"2","UMIC",45873120133.5411,47205286988.2654,48440184974.361
"3","LMIC",28436743887.3304,29594466146.1303,30761912437.0929
"4","LIC",232395123.439173,241988483.934811,252924137.358041
