"","friction_pp_low","friction_pp_med","friction_pp_high"
"1",221.451209193768,231.089496594233,240.096849190945
