"","income_group","friction_costs_total_low","friction_costs_total_med","friction_costs_total_high"
"1","H",69842453511.6066,73040425640.9603,77143541962.7807
"2","UM",6271000331.16985,6515964704.25641,6689970443.66712
"3","LM",4044940704.36134,4330241271.05475,4503654299.09879
"4","L",27943874.9046122,29791450.2159139,31149770.9636679
