"","income_group","mean_friction_costs_pgdp_low","mean_friction_costs_pgdp_med","mean_friction_costs_pgdp_high"
"1","HIC",0.00652935085420071,0.00683584288023435,0.00720501806618066
"2","UMIC",0.00221222448455262,0.00229548972150315,0.00236312603367243
"3","LMIC",0.0015461446733232,0.00164908242874179,0.0017113928977784
"4","LIC",9.85172044034399e-05,0.000103814249156135,0.000108575168088348
