"","pgdp_low","pgdp_med","pgdp_high"
"1",0.69547176198644,0.725816264078768,0.754211859067544
