"","income_group","friction_costs_low","friction_costs_med","friction_costs_high"
"1","HIC",463684648325.965,486167604679.949,508943242498.074
"2","UMIC",46221961825.5007,47570871942.9097,48825620400.5428
"3","LMIC",28509299952.5596,29685420479.5961,30835726928.6228
"4","LIC",235853622.770791,244878135.3654,255776007.30626
