"","income_group","friction_costs_pp_low","friction_costs_pp_med","friction_costs_pp_high"
"1","HIC",551.152121298161,577.763866429357,604.875931349534
"2","UMIC",80.5201447669902,82.8584698620333,85.0260609115067
"3","LMIC",28.6794529584718,29.8470564362744,31.0244669413541
"4","LIC",10.1654342690584,10.5850673237224,11.0634149947833
