"","pgdp_low","pgdp_med","pgdp_high"
"1",0.68803169213476,0.717977101841782,0.745962246160176
