"","income_group","frictioncosts_pp_gdppc_low","frictioncosts_pp_gdppc_med","frictioncosts_pp_gdppc_high"
"1","HIC",1.28750899380056,1.34967488207918,1.41300953339652
"2","UMIC",1.00965551995647,1.03897616818052,1.06615595374154
"3","LMIC",1.06378183444299,1.10709072779313,1.1507633846182
"4","LIC",1.51194623936863,1.57435996436266,1.64550655222391
