"","income_group","friction_costs_total_low","friction_costs_total_med","friction_costs_total_high"
"1","HIC",89274157575.7842,93460990418.9335,98500586202.6776
"2","UMIC",8418004765.46554,8733170811.61588,8972204786.23032
"3","LMIC",5718623035.67544,6079018422.43745,6310283715.16489
"4","LIC",36905283.9489285,39101307.5450931,40840208.7671396
