"","friction_pp_low","friction_pp_med","friction_pp_high"
"1",223.845884444887,233.612624491235,242.7520855334
