"","income_group","frictioncosts_pp_gdppc_low","frictioncosts_pp_gdppc_med","frictioncosts_pp_gdppc_high"
"1","HIC",1.28513387732138,1.34744693637382,1.41057118222355
"2","UMIC",1.01821353265817,1.04792837992213,1.0755689604857
"3","LMIC",1.0546929857247,1.09820321124045,1.14075845269644
"4","LIC",1.47772693736681,1.53426948778852,1.60254946050123
