"","income_group","friction_costs_total_low","friction_costs_total_med","friction_costs_total_high"
"1","HIC",429240199124.944,450746032652.29,471617003277.328
"2","UMIC",45873120133.5411,47205286988.2654,48440184974.361
"3","LMIC",28436743887.3304,29594466146.1303,30761912437.0929
"4","LIC",232395123.439173,241988483.934811,252924137.358041
