"","income_group","friction_costs_total_low","friction_costs_total_med","friction_costs_total_high"
"1","HIC",69579572223.9864,72781204531.3449,76867810423.4479
"2","UMIC",6098720531.37556,6323566193.35731,6496923857.7804
"3","LMIC",4741052982.04614,5041330436.17618,5232640201.63947
"4","LIC",30705667.3409954,32532787.0052181,33979575.019013
