"","income_group","friction_costs_total_low","friction_costs_total_med","friction_costs_total_high"
"1","HIC",49880670295.1111,52315895234.693,55243328578.4884
"2","UMIC",3765938412.07003,3909942428.87769,4020187355.39413
"3","LMIC",3763241783.10391,4002402507.24117,4155014256.57669
"4","LIC",24506050.7330624,25964266.465343,27118941.2708865
