"","income_group","friction_pgdp_low","friction_pgdp_med","friction_pgdp_high"
"1","HIC",0.787635611057355,0.82582617253093,0.864513895911174
"2","UMIC",0.476476951280646,0.49038212870953,0.503316645032618
"3","LMIC",0.32606188226135,0.339513214754602,0.352669310715259
"4","LIC",0.0541328432475578,0.0562041386549825,0.0587054052735574
