"","income_group","hc_costs_total_low","hc_costs_total_med","hc_costs_total_high"
"1","H",2297353787466.07,2392151636314.75,2472556223100.22
"2","UM",18268383593.5201,19107783207.6859,19595074264.5846
"3","LM",9063011892.00644,9786477013.88361,10031777791.3011
"4","L",201493852.957827,211267948.592946,220807358.927293
