"","income_group","hc_costs_total_low","hc_costs_total_med","hc_costs_total_high"
"1","HIC",182609821885.642,192177000614.944,199171433212.815
"2","UMIC",17837420345.7894,18633754680.6257,19182299069.4224
"3","LMIC",10064601391.5558,10815211626.0568,11143951218.1753
"4","LIC",209828988.044348,219674722.109946,228557854.343991
