"","income_group","hc_costs_total_low_low","hc_costs_total_low_med","hc_costs_total_low_high"
"1","HIC",69242968389.7451,72842463947.2187,75449336481.1631
"2","UMIC",17837420345.7894,18633754680.6257,19182299069.4224
"3","LMIC",10064601391.5558,10815211626.0568,11143951218.1753
"4","LIC",209828988.044348,219674722.109946,228557854.343991
