"","income_group","mean_hccosts_pgdp_low","mean_hccosts_pgdp_med","mean_hccosts_pgdp_high"
"1","H",0.289503616293886,0.297768486606271,0.303358377052174
"2","UM",0.00825636019458763,0.00846087227934531,0.00868860329957493
"3","LM",0.00595929481402534,0.0061776778644852,0.00640923494059726
"4","L",0.00341872972038056,0.00357035662834064,0.00370815624955407
