"","income_group","hccosts_pp_gdppc_low","hccosts_pp_gdppc_med","hccosts_pp_gdppc_high"
"1","HIC",0.50611567427155,0.532631767784249,0.552017318538662
"2","UMIC",0.392936648867527,0.410478924535352,0.422562689435794
"3","LMIC",0.372336904429527,0.400105504523488,0.412267126959478
"4","LIC",1.31467112623021,1.37635899125412,1.43201573138059
