"","income_group","mean_hccosts_pgdp_low","mean_hccosts_pgdp_med","mean_hccosts_pgdp_high"
"1","HIC",0.0187879016496416,0.0194695982329896,0.0200420772742834
"2","UMIC",0.00691302394348409,0.00720657994326503,0.00741036290996516
"3","LMIC",0.00390035807733333,0.00417708944770396,0.00430402776995185
"4","LIC",0.000850203862869938,0.000890014677002994,0.000924201890815313
