"","income_group","hccosts_pp_low","hccosts_pp_med","hccosts_pp_high"
"1","HIC",219.60500790319,231.110415108369,239.521859849254
"2","UMIC",31.3096572531254,32.7074465409977,33.670295230349
"3","LMIC",10.1505032818999,10.9075200133447,11.239065414784
"4","LIC",9.17834571630391,9.6090181030275,9.99758433235361
