"","income_group","hccosts_pgdp_low","hccosts_pgdp_med","hccosts_pgdp_high"
"1","HIC",0.310189261527722,0.326440501873405,0.338321559857776
"2","UMIC",0.183876220943615,0.192085196527459,0.197739840936597
"3","LMIC",0.115109205746956,0.123693961820003,0.127453768281697
"4","LIC",0.048159700008666,0.0504194811923035,0.0524583271473652
