"","income_group","hccosts_pp_gdppc_low","hccosts_pp_gdppc_med","hccosts_pp_gdppc_high"
"1","HIC",0.513004326451723,0.539881325889039,0.559530729994091
"2","UMIC",0.392597012400339,0.410124125327424,0.422197445574172
"3","LMIC",0.376503729599535,0.404583088311378,0.416880811557875
"4","LIC",1.36513255824498,1.42918820783868,1.48698123798629
