"","health_pgdp_low","health_pgdp_med","health_pgdp_high"
"1",0.273403689305121,0.284936307577874,0.294569497405176
