"","health_pp_low","health_pp_med","health_pp_high"
"1",87.9982394514434,91.7101502411153,94.8107073230576
