"","roi_low","roi_med","roi_high"
"1",94.8443993739837,98.2544805775105,102.869309047568
