"","roi_low","roi_med","roi_high"
"1",562.564265381658,581.375305016053,610.661871230935
