"","roi_low","roi_med","roi_high"
"1",781.635563115319,807.570939098434,848.206408051181
