"","roi_low","roi_med","roi_high"
"1",71.3113782741429,73.8105150013127,77.3037222298105
