"","hosp_pp_low","hosp_pp_med","hosp_pp_high"
"1",0.0207158404401405,0.0213253015714922,0.0218298927915416
