"","income_group","averted_hosp_qalys_low","averted_hosp_qalys_med","averted_hosp_qalys_high"
"1","HIC",3772977.21517074,3934196.0275204,4075005.32042169
"2","LIC",133321.632035288,138737.777187277,145457.786986175
"3","LMIC",4087468.82819189,4330139.53589171,4500721.18233646
"4","UMIC",2067330.30698948,2120791.92806609,2198523.11854348
