"","income_group","averted_hosp_monqalys_low","averted_hosp_monqalys_med","averted_hosp_monqalys_high"
"1","HIC",126457039658.179,133275754554.14,139751794266.195
"2","LIC",23299896.2102195,24288473.5295175,25543658.0730301
"3","LMIC",3903451754.80591,4109138271.80965,4265707249.16202
"4","UMIC",9938227736.47154,10201196866.239,10516637682.3189
