"","income_group","averted_hosp_monqalys_low","averted_hosp_monqalys_med","averted_hosp_monqalys_high"
"1","HIC",5973.37125698151,1023779.7848365,25927981.2180495
"2","LIC",0.0375335552525605,740.89205711376,11767.561930481
"3","LMIC",9.82119532765972,12536.0050319271,1483037.49223321
"4","UMIC",401.070139518215,37823.0615262612,3241037.82916451
