"","income_group","hosp_pp_low","hosp_pp_med","hosp_pp_high"
"1","HIC",0.0247060908656072,0.0257507577272,0.0265987826771228
"2","UMIC",0.0192421414714861,0.0200215986482288,0.0205887435588989
"3","LMIC",0.0171439587913995,0.0185314653558058,0.0191105799010405
"4","LIC",0.019691258586578,0.0206525163423275,0.0215783615876756
