"","income_group","hosp_pp_low","hosp_pp_med","hosp_pp_high"
"1","HIC",0.0242386320432874,0.0253247224344344,0.0262917186870221
"2","UMIC",0.0193592976734185,0.0201330888658499,0.0206573149538014
"3","LMIC",0.0193499464030297,0.0206390431704423,0.0212382012832696
"4","LIC",0.0307287401474215,0.0324686163637672,0.0341845891042067
