"","income_group","averted_hosp_qalys_low","averted_hosp_qalys_med","averted_hosp_qalys_high"
"1","HIC",0.483195665874956,37.0212669821179,750.241037379177
"2","LIC",0,3.9061748895687,57.6757656648736
"3","LMIC",0.00905526682683324,15.6191477831137,1133.14216442238
"4","UMIC",0.0878935121951399,11.2984496033584,609.72492541966
