"","income_group","averted_hosp_monqalys_low","averted_hosp_monqalys_med","averted_hosp_monqalys_high"
"1","HIC",127969849212.826,134865530981.881,141448833804.823
"2","LIC",23642444.4173596,24630804.6051828,25868238.1535749
"3","LMIC",3914274147.57516,4120246526.6511,4277833314.6849
"4","UMIC",10019143546.8646,10286693874.9413,10602182429.7411
