"","income_group","mean_humcap_pgdp_low","mean_humcap_pgdp_med","mean_humcap_pgdp_high"
"1","HIC",0.0214873668003907,0.0223361875129105,0.0231278394801299
"2","UMIC",0.011564062501153,0.0118858899525137,0.0123396619504112
"3","LMIC",0.00822903577083554,0.00875520869389233,0.009125078942553
"4","LIC",0.00160767648597516,0.00167683872459161,0.0017657940392909
