"","income_group","hc_costs_total_low","hc_costs_total_med","hc_costs_total_high"
"1","HIC",363677001645.526,383286900747.56,401911302452.548
"2","UMIC",33509094373.1486,34395757228.9678,35459340833.1526
"3","LMIC",21810343794.7501,22959607044.7116,23834428468.966
"4","LIC",189856068.985851,197911358.247103,208139060.599639
