"","income_group","hc_costs_total_low","hc_costs_total_med","hc_costs_total_high"
"1","H",364599117650.42,384236174264.597,402785719698.639
"2","UM",35969287105.1975,37111149974.1139,38324425680.459
"3","LM",18324109542.229,19370604322.9489,20233224446.502
"4","L",169959842.143493,178592183.077859,188230176.954648
