"","income_group","mean_humcap_pgdp_low","mean_humcap_pgdp_med","mean_humcap_pgdp_high"
"1","H",0.0199593042023781,0.0204068372227868,0.0208672377731218
"2","UM",0.0088308691989144,0.00903103927099281,0.00924911920989838
"3","LM",0.00649389746795447,0.00674530946060951,0.00716694981931417
"4","L",0.00160924867844409,0.00169880891907327,0.00178687854236003
