"","income_group","hc_costs_total_low","hc_costs_total_med","hc_costs_total_high"
"1","H",33278879130.0781,35114528102.0332,36503250754.2004
"2","UM",3286665543.3383,3427314639.76142,3513764765.43424
"3","LM",1297074810.69814,1395750731.74398,1436652345.49429
"4","L",10039241.5479219,10607898.2112161,11103393.1175429
