"","income_group","hc_costs_total_low","hc_costs_total_med","hc_costs_total_high"
"1","HIC",33143062144.8796,34975924745.1147,36361200298.5077
"2","UMIC",3200834352.12776,3326819403.47791,3419684103.21814
"3","LMIC",1534536947.61859,1636648329.04287,1694631523.71903
"4","LIC",10696464.942704,11299083.6185061,11807297.9484699
