"","income_group","humcap_total_low","humcap_total_med","humcap_total_high"
"1","HIC",397626138645.912,418358557692.131,437620489335.301
"2","UMIC",36732176181.6451,37711820899.235,38862656507.6747
"3","LMIC",23410465643.2506,24589901106.9084,25522520707.8677
"4","LIC",200855182.157241,209301217.546877,219703885.913482
