"","income_group","humcap_total_low","humcap_total_med","humcap_total_high"
"1","H",398719728544.33,419410077902.882,438630657246.875
"2","UM",39277234135.2594,40519883154.144,41803390291.6195
"3","LM",19673442429.9191,20763135213.2916,21669876791.9963
"4","L",180370034.686253,189524511.738873,199311664.347071
