"","income_group","averted_inf_qalys_low","averted_inf_qalys_med","averted_inf_qalys_high"
"1","HIC",0.201331527447899,15.4255279092158,312.600432241324
"2","LIC",0,1.62757287065362,24.0315690270307
"3","LMIC",0.00377302784451385,6.50797824296404,472.142568509324
"4","UMIC",0.0366222967479749,4.70768733473268,254.052052258192
