"","income_group","averted_inf_monqalys_low","averted_inf_monqalys_med","averted_inf_monqalys_high"
"1","HIC",2488.90469040896,426574.910348541,10803325.5075206
"2","LIC",0.0156389813552335,308.7050237974,4903.15080436706
"3","LMIC",4.09216471985822,5223.33542996961,617932.288430505
"4","UMIC",167.11255813259,15759.6089692755,1350432.42881855
