"","income_group","averted_inf_qalys_low","averted_inf_qalys_med","averted_inf_qalys_high"
"1","H",0.207270083073181,14.2356990140347,308.83393877546
"2","UM",0.0348004778313884,4.43629375645696,411.047032616083
"3","LM",0.0037023572462595,6.58602157974969,338.494464825976
"4","L",0,1.53601228277308,24.2709538577581
