"","income_group","averted_inf_monqalys_low","averted_inf_monqalys_med","averted_inf_monqalys_high"
"1","H",287390265.056554,3110031927003.56,906061249623990
"2","UM",20229915.3208703,85728130884.0186,328737959330991
"3","LM",977281.717231537,77434723172.7925,43151133887027.9
"4","L",173018.794945696,5466588707.66832,328208795943.47
