"","inf_pp_low","inf_pp_med","inf_pp_high"
"1",0.602251105867616,0.622132980291715,0.63763004681861
