"","income_group","lg_total_low","lg_total_med","lg_total_high"
"1","H",143510380.062229,148912983.279543,156934246.503661
"2","UM",81921519.6506631,84519574.8523512,87419354.6533847
"3","LM",108413376.890211,116871516.58197,120953977.149531
"4","L",2467771.17835102,2595433.77414388,2708114.00135487
