"","income_group","lg_total_low","lg_total_med","lg_total_high"
"1","HIC",142085735.743803,147454869.920743,155487658.813904
"2","UMIC",72310982.1636466,75079543.316702,77289942.2339293
"3","LMIC",119981605.995496,127980905.481925,132528082.844231
"4","LIC",2574281.50614306,2702450.83047576,2814853.55090888
