"","lg_pp_low","lg_pp_med","lg_pp_high"
"1",0.141261026049954,0.146228417084882,0.150038637723805
