"","income_group","lg_pp_low","lg_pp_med","lg_pp_high"
"1","HIC",0.167044031796573,0.173228726798019,0.183381792122811
"2","UMIC",0.125356193664146,0.129070419835166,0.133192577093489
"3","LMIC",0.130302488340558,0.138376244168179,0.142493004315509
"4","LIC",0.166357811391593,0.176790996098621,0.186306951897811
