"","income_group","lg_pp_low","lg_pp_med","lg_pp_high"
"1","HIC",0.170871088963051,0.177327963742211,0.18698812687118
"2","UMIC",0.12692598051125,0.131785578990519,0.135665446771255
"3","LMIC",0.121005655171471,0.129073229090296,0.133659216845182
"4","LIC",0.112604296740328,0.118210683064328,0.123127406140599
