"","lg_total_low","lg_total_med","lg_total_high"
"1",341236625.046633,353236083.06732,362440227.11091
