"","income_group","lghat_total_low","lghat_total_med","lghat_total_high"
"1","HIC",100169819.944571,103960103.421113,109453915.891956
"2","UMIC",51866297.754667,53850457.5007488,55402612.3553227
"3","LMIC",86023084.5747462,91865819.2280549,95086973.6666426
"4","LIC",1887701.55396429,1983897.62015026,2062238.89413114
