"","income_group","lg_pp_low","lg_pp_med","lg_pp_high"
"1","HIC",0.120463367596758,0.12502153004512,0.131628341872765
"2","UMIC",0.091039846244948,0.0945226010593197,0.0972470665682549
"3","LMIC",0.0867572960244318,0.0926498987184083,0.0958985458757436
"4","LIC",0.0825718964427667,0.0867797075761678,0.0902065138680619
