"","income_group","lghat_total_low","lghat_total_med","lghat_total_high"
"1","H",101255386.790873,105081482.985081,110544245.154303
"2","UM",58623411.4974481,60590658.5670855,62592797.140031
"3","LM",77770759.5068334,83989809.6448683,86862786.5511388
"4","L",1812301.47146897,1907995.16974632,1986266.20301028
