"","lghat_pp_low","lghat_pp_med","lghat_pp_high"
"1",0.100582069445267,0.104146279492181,0.106847326793645
