"","lghat_total_low","lghat_total_med","lghat_total_high"
"1",242970668.396331,251580537.950416,258105311.916853
