"","income_group","lghat_pp_low","lghat_pp_med","lghat_pp_high"
"1","HIC",0.118014878387606,0.122473990325325,0.129347578615601
"2","UMIC",0.0905282138513794,0.0933196371127441,0.0963608927888402
"3","LMIC",0.093881897718483,0.0997148020593786,0.102834159769498
"4","LIC",0.121986556126356,0.130050062699748,0.13719270909797
