"","roi_low","roi_med","roi_high"
"1",38.682958241368,40.0630775054986,41.9907976056714
