"","roi_low","roi_med","roi_high"
"1",52.02040061586,53.9087677070522,56.4830307947708
