"","roi_low","roi_med","roi_high"
"1",55.3564265381658,57.2375305016053,60.1661871230936
