"","roi_low","roi_med","roi_high"
"1",77.2635563115317,79.8570939098431,83.9206408051182
