"","roi_low","roi_med","roi_high"
"1",429.449559713426,443.714016504138,466.06352442815
