"","roi_low","roi_med","roi_high"
"1",31.5915004052214,83.4040295232572,112.823525498233
