"","roi_low","roi_med","roi_high"
"1",460.128153717819,475.349384850476,499.223272803194
