"","roi_low","roi_med","roi_high"
"1",53.4207983507,55.2890846092966,57.9412815707622
