"","roi_low","roi_med","roi_high"
"1",24.0751327167863,56.6127299705366,77.4727670408718
