"","roi_low","roi_med","roi_high"
"1",25.0299838967218,62.1987672047188,83.1470250491288
