"","roi_low","roi_med","roi_high"
"1",165.077283423336,412.104264853666,861.0993190087
