"","roi_low","roi_med","roi_high"
"1",29.350229432542,77.1838152539723,104.209509248647
