"","roi_low","roi_med","roi_high"
"1",71.5579052750228,74.1383040397139,77.6556762444614
