"","roi_low","roi_med","roi_high"
"1",331.07990260413,342.151118671934,359.323598715608
