"","roi_low","roi_med","roi_high"
"1",177.149296947269,442.177725734671,923.794155190339
