"","roi_low","roi_med","roi_high"
"1",118.675776266883,296.298796652528,619.581623402294
