"","roi_low","roi_med","roi_high"
"1",77.3850260534928,80.1575810117382,83.9541184356398
