"","roi_low","roi_med","roi_high"
"1",30.4452513858749,75.7740788299686,104.875320175648
