"","roi_low","roi_med","roi_high"
"1",23.2706040386979,57.5461496134107,76.7400774189905
