"","roi_low","roi_med","roi_high"
"1",57.776783186096,59.7888911387232,62.6552560909103
