"","roi_low","roi_med","roi_high"
"1",127.384087415904,317.967706843805,664.766697326747
