"","roi_low","roi_med","roi_high"
"1",308.960345959912,319.306417758829,335.414029177015
