"","income_group","discmonqalys_averted_sum_low","discmonqalys_averted_sum_med","discmonqalys_averted_sum_high"
"1","HIC",2493235941378.14,2586278987308.62,2723451370088.17
"2","UMIC",202899158247.826,211203466340.293,217042055506.695
"3","LMIC",55231708403.7343,58640340744.1419,61004694168.069
"4","LIC",252956938.379128,266284676.64491,277668432.341985
