"","income_group","undiscqalys_averted_sum_low","undiscqalys_averted_sum_med","undiscqalys_averted_sum_high"
"1","HIC",148847236.685922,154526742.895868,162614382.553439
"2","UMIC",76022256.3738257,78840746.7874285,81076476.3035073
"3","LMIC",127312936.170666,135580809.111665,140378089.428064
"4","LIC",2802953.12394507,2941455.31505175,3061285.99765305
