"","income_group","hospitalisations_total_low","hospitalisations_total_med","hospitalisations_total_high"
"1","HIC",20544043.5786778,21412723.3567337,22117887.9909038
"2","UMIC",10962437.6595749,11406502.0960105,11729610.1417745
"3","LMIC",16998872.5402785,18374636.8852659,18948850.4878793
"4","LIC",450167.926797716,472143.53638719,493309.569670505
