"","income_group","discmonqalys_averted_sum_low","discmonqalys_averted_sum_med","discmonqalys_averted_sum_high"
"1","HIC",3530155418421.64,3661803678848.33,3854344073931.38
"2","UMIC",277117757718.88,288302203208.356,296272266523.148
"3","LMIC",87367572455.6977,92664353661.2359,96330278408.9203
"4","LIC",358194674.868365,376926465.823195,392711463.396977
