"","income_group","undiscmonqalys_averted_sum_low","undiscmonqalys_averted_sum_med","undiscmonqalys_averted_sum_high"
"1","HIC",4760322135659.01,4946375978038.63,5208651142821.22
"2","UMIC",366772487336.525,382302594951.925,393316449067.97
"3","LMIC",115740739105.409,123085357883.473,128103277986.763
"4","LIC",453088595.610809,476856293.402967,498055876.676726
