"","income_group","undiscmonqalys_averted_sum_low","undiscmonqalys_averted_sum_med","undiscmonqalys_averted_sum_high"
"1","HIC",4942999578686.96,5132836372398.1,5402885433907.24
"2","UMIC",379041954271.774,394913404510.237,406144031738.01
"3","LMIC",120001936918.818,127355396033.1,132571900911.984
"4","LIC",480958520.993952,505912492.820227,527289151.960845
