"","income_group","undiscqalys_averted_sum_low","undiscqalys_averted_sum_med","undiscqalys_averted_sum_high"
"1","HIC",146242287.245428,151803202.605338,159864176.691381
"2","UMIC",74591939.6884538,77389093.6757638,79613643.6645685
"3","LMIC",124511307.524367,132684786.493307,137373617.350632
"4","LIC",2716437.5702048,2851422.25626246,2968242.43236755
