"","income_group","undiscmonqalys_averted_sum_low","undiscmonqalys_averted_sum_med","undiscmonqalys_averted_sum_high"
"1","HIC",6440227569150.57,6688521724378.44,7038777525061.26
"2","UMIC",502671800347.043,523519118953.247,538255707509.896
"3","LMIC",167712282817.058,178127814451.592,185380696450.511
"4","LIC",655314431.663909,689553371.183934,718904070.986931
