"","income_group","undiscmonqalys_averted_sum_low","undiscmonqalys_averted_sum_med","undiscmonqalys_averted_sum_high"
"1","HIC",3519390185358.61,3657196389810.1,3849866408874.82
"2","UMIC",279716753855.088,291512283870.2,299892298987.216
"3","LMIC",76602765990.4478,81433738858.674,84765973694.5769
"4","LIC",343797311.330948,361688667.360093,377779327.257315
