"","income_group","discmonqalys_averted_sum_low","discmonqalys_averted_sum_med","discmonqalys_averted_sum_high"
"1","HIC",2466408232649.85,2559036766151.48,2694858827147.25
"2","UMIC",200763458971.321,209033401049.46,214816756529.68
"3","LMIC",54499540061.258,57874555318.4684,60215214899.1604
"4","LIC",247982431.448853,261114718.32486,272348470.408574
