"","income_group","undiscmonqalys_averted_sum_low","undiscmonqalys_averted_sum_med","undiscmonqalys_averted_sum_high"
"1","HIC",4888059956045.82,5077002359041.94,5344415020298.15
"2","UMIC",376658718454.563,392402640512.274,403564515587.218
"3","LMIC",119641225596.969,127088262974.926,132309070344.324
"4","LIC",476307158.403827,501192319.535839,522895189.576846
