"","income_group","undiscmonqalys_averted_sum_low","undiscmonqalys_averted_sum_med","undiscmonqalys_averted_sum_high"
"1","HIC",6180334559507.05,6421900811956.58,6762187337875.75
"2","UMIC",482305015670.214,502727616669.687,517206318336.282
"3","LMIC",159303246587.721,169410222759.228,176313477629.25
"4","LIC",606651914.972567,638490981.517785,666844564.507879
