"","income_group","discqalys_averted_sum_low","discqalys_averted_sum_med","discqalys_averted_sum_high"
"1","HIC",100577307.608579,104382214.393188,109895365.796716
"2","UMIC",52091044.032594,54083268.6518734,55640997.6726682
"3","LMIC",86411658.5943192,92278723.8149809,95514247.9748462
"4","LIC",1897733.79348048,1994419.46964234,2073212.51687611
