"","income_group","undiscqalys_averted_sum_low","undiscqalys_averted_sum_med","undiscqalys_averted_sum_high"
"1","HIC",143251891.475469,148676649.161339,156715881.455662
"2","UMIC",72951378.2329174,75726817.8574169,77941831.3339761
"3","LMIC",121256816.683121,129311985.037528,133891539.76433
"4","LIC",2614426.89151126,2744131.71926526,2858271.53080896
