"","income_group","discmonqalys_averted_sum_low","discmonqalys_averted_sum_med","discmonqalys_averted_sum_high"
"1","HIC",4631492836379.07,4806234142676.71,5056287056796.76
"2","UMIC",369956947468.705,384713284610.516,395270394742.812
"3","LMIC",123111814810.004,130572292354.518,135791939177.8
"4","LIC",493820435.30512,518681558.178664,540917861.94039
