"","discqalys_pp_low","discqalys_pp_med","discqalys_pp_high"
"1",0.105266166697179,0.108872975470651,0.111654874025671
