"","income_group","discmonqalys_averted_sum_low","discmonqalys_averted_sum_med","discmonqalys_averted_sum_high"
"1","HIC",3491640499888.24,3622205008842.04,3812490567548.3
"2","UMIC",275383767546.615,286485134503.413,294380277889.834
"3","LMIC",87120051008.4917,92450948447.5785,96150601499.638
"4","LIC",355186661.134735,373419478.145699,389408902.614295
