"","income_group","undiscqalys_averted_sum_low","undiscqalys_averted_sum_med","undiscqalys_averted_sum_high"
"1","HIC",142491313.790559,147876709.876779,155929108.718664
"2","UMIC",72536362.1213498,75312124.2398673,77528364.0785245
"3","LMIC",120370180.015069,128395965.01971,132955252.521741
"4","LIC",2584313.74565924,2712997.66258321,2825752.64483468
