"","hosp_averted_low","hosp_averted_med","hosp_averted_high"
"1",50042135.9979242,51514378.3097279,52733292.0453321
