"","income_group","undiscmonqalys_averted_sum_low","undiscmonqalys_averted_sum_med","undiscmonqalys_averted_sum_high"
"1","HIC",3492562476630.32,3629057941051.37,3821593597431.32
"2","UMIC",277574576372.735,289328503678.229,297665789783.841
"3","LMIC",75870597647.9715,80686300918.2262,83976494425.6682
"4","LIC",338822804.400673,356593241.546123,372457588.968243
