"","income_group","discmonqalys_averted_sum_low","discmonqalys_averted_sum_med","discmonqalys_averted_sum_high"
"1","HIC",4374303090101.41,4538309699649.65,4779301475845.64
"2","UMIC",349651436030.379,364038600500.52,374101352324.472
"3","LMIC",114702778580.667,121800477761.718,126724720356.539
"4","LIC",445157918.613778,468732199.237673,488875700.017942
