"","income_group","hospitalisations_total_low","hospitalisations_total_med","hospitalisations_total_high"
"1","H",20822636.806854,21688591.3959462,22402815.4124948
"2","UM",12296154.4595403,12743193.9994147,13202557.1249613
"3","LM",15395405.6016563,16716876.1109927,17250353.9475576
"4","L",432892.95902774,455162.687165184,476370.77809254
