"","income_group","discqalys_averted_sum_low","discqalys_averted_sum_med","discqalys_averted_sum_high"
"1","HIC",101340151.331291,105166093.323784,110682138.533713
"2","UMIC",52506688.8605584,54501170.3134765,56053633.3932399
"3","LMIC",87298295.2623715,93180262.0897106,96450376.0201856
"4","LIC",1927921.50562726,2026150.96065467,2105149.00807275
