"","income_group","discqalys_averted_sum_low","discqalys_averted_sum_med","discqalys_averted_sum_high"
"1","HIC",104337441.592868,108255145.458262,113830433.769432
"2","UMIC",54147102.2966634,56161424.0783116,57734221.1404548
"3","LMIC",90552786.1036164,96506347.5512818,99932338.7482487
"4","LIC",2030391.00765511,2132933.47195608,2215371.68145389
