"","income_group","discqalys_averted_sum_low","discqalys_averted_sum_med","discqalys_averted_sum_high"
"1","HIC",106948104.117301,110934261.285405,116580639.631491
"2","UMIC",55576901.3998723,57610343.1379043,59210139.8698917
"3","LMIC",93354414.7499156,99358659.8164869,102936783.318298
"4","LIC",2117268.19319729,2223199.6315975,2308987.45854161
