"","income_group","undiscqalys_averted_sum_low","undiscqalys_averted_sum_med","undiscqalys_averted_sum_high"
"1","HIC",142181548.54633,147554616.546627,155591903.816025
"2","UMIC",72364240.3648228,75134459.747324,77346212.3694762
"3","LMIC",120073897.190019,128079402.131015,132629435.745752
"4","LIC",2576684.06900991,2704974.61438485,2817463.17630932
