"","income_group","discqalys_averted_sum_low","discqalys_averted_sum_med","discqalys_averted_sum_high"
"1","HIC",101036521.708633,104858103.189804,110394073.47445
"2","UMIC",52344475.2978874,54346184.7038512,55910684.4690895
"3","LMIC",86844637.7419691,92740067.4333419,95991547.6024475
"4","LIC",1908689.68795542,2005915.48861186,2085252.21461004
