"","income_group","discqalys_averted_sum_low","discqalys_averted_sum_med","discqalys_averted_sum_high"
"1","HIC",100266144.910696,104059867.850978,109558160.894077
"2","UMIC",51919411.182607,53905442.1921476,55458871.3151392
"3","LMIC",86115375.7692687,91963777.934952,95188350.3301986
"4","LIC",1890104.11683114,1986416.95446975,2064861.95382686
