"","income_group","undiscqalys_averted_sum_low","undiscqalys_averted_sum_med","undiscqalys_averted_sum_high"
"1","HIC",142950046.529582,148351772.070018,156427816.396399
"2","UMIC",72790563.8906885,75574936.7202497,77798063.4111903
"3","LMIC",120803159.162719,128859415.426667,133432423.291888
"4","LIC",2595269.64013419,2724538.23090623,2837661.24154047
