"","income_group","discmonqalys_averted_sum_low","discmonqalys_averted_sum_med","discmonqalys_averted_sum_high"
"1","HIC",3364752363845.56,3491028080165.85,3676350440818.28
"2","UMIC",265527374199.012,276459661428.546,284105113449.49
"3","LMIC",83219564516.932,88371376502.8138,91944809142.0776
"4","LIC",331968098.341717,349547111.522086,364577874.9273
