"","income_group","infections_total_low","infections_total_med","infections_total_high"
"1","HIC",538996745.024391,562028003.931485,582143617.203099
"2","UMIC",295332900.998497,302970275.438013,314074731.220498
"3","LMIC",583924118.313127,618591362.270245,642960168.905209
"4","LIC",19045947.4336126,19819682.4553254,20779683.8551678
