"","income_group","infections_total_low","infections_total_med","infections_total_high"
"1","H",58622643235.7167,58622643235.7167,58622643235.7167
"2","L",1863153223.46838,1863153223.46838,1863153223.46838
"3","LM",55801176271.8331,55801176271.8331,55801176271.8331
"4","UM",35631926023.6705,35631926023.6705,35631926023.6705
"5",NA,424698683.552919,424698683.552919,424698683.552919
