"","income_group","hospitalisations_total_low","hospitalisations_total_med","hospitalisations_total_high"
"1","H",2169529344.12016,2169529344.12016,2169529344.12016
"2","L",45614142.3531253,45614142.3531253,45614142.3531253
"3","LM",1660652007.50454,1660652007.50454,1660652007.50454
"4","UM",1265496199.61328,1265496199.61328,1265496199.61328
"5",NA,11203320.218258,11203320.218258,11203320.218258
