"","income_group","infections_total_low","infections_total_med","infections_total_high"
"1","H",543364077.951249,566636542.074211,586648708.074858
"2","L",17826781.8726559,18633934.8389397,19601606.2577754
"3","LM",526277198.432466,558605552.602125,584455594.116904
"4","UM",345779906.125744,359679515.656435,373229120.910005
