"","income_group","undiscvsly_pp_low","undiscvsly_pp_med","undiscvsly_pp_high"
"1","HIC",27842.7574202488,28922.590484403,30489.8542679276
"2","UMIC",3541.46159540057,3690.48024084339,3793.20036465914
"3","LMIC",1008.6090263829,1073.29090508146,1118.2462223416
"4","LIC",226.861798630627,239.248584612808,249.671508829984
