"","income_group","undiscmonqalys_pp_gdppc_low","undiscmonqalys_pp_gdppc_med","undiscmonqalys_pp_gdppc_high"
"1","HIC",13.6998631226847,14.2260088461652,14.9744683837781
"2","UMIC",8.3498326778461,8.69946139929075,8.94685844112832
"3","LMIC",4.43943560004151,4.71147461052412,4.90445764114619
"4","LIC",3.01341719444169,3.16976483044054,3.30369902518344
