"","income_group","undiscmonqalyspgdp_low","undiscmonqalyspgdp_med","undiscmonqalyspgdp_high"
"1","HIC",8.30307862092218,8.62402468971218,9.07826387061546
"2","UMIC",3.88276894260884,4.04506443347482,4.16012610537795
"3","LMIC",1.36834097221318,1.45351300480493,1.51322356524038
"4","LIC",0.109321453029456,0.115033065642923,0.120014282586508
