"","income_group","undiscvsly_pgdp_low","undiscvsly_pgdp_med","undiscvsly_pgdp_high"
"1","HIC",39.3275383177499,40.852788693146,43.0665287178951
"2","UMIC",20.7983935919387,21.6735544138103,22.2768119975456
"3","LMIC",11.437874626687,12.1713830524701,12.6811874158799
"4","LIC",1.19036659798832,1.25536130568535,1.31005143384434
