"","income_group","undiscqaly_pp_low","undiscqaly_pp_med","undiscqaly_pp_high"
"1","HIC",0.175869722201607,0.182557231388965,0.192251289789512
"2","UMIC",0.130929698365413,0.135839485258873,0.139744192124648
"3","LMIC",0.125574017935783,0.133817257967959,0.138546108237725
"4","LIC",0.118822491441586,0.124726995516982,0.129836947068125
