"","income_group","undiscvsly_pp_gdppc_low","undiscvsly_pp_gdppc_med","undiscvsly_pp_gdppc_high"
"1","HIC",65.0415723817651,67.5640969773833,71.2252753326312
"2","UMIC",44.4069773950021,46.2755470353469,47.563571793888
"3","LMIC",37.4114513925696,39.8106396782321,41.4781278946988
"4","LIC",33.742074781794,35.5844116645996,37.1346554275592
