"","income_group","undiscmonqalyspgdp_low","undiscmonqalyspgdp_med","undiscmonqalyspgdp_high"
"1","HIC",8.39640153641321,8.71886685752241,9.17758434654245
"2","UMIC",3.90733641857739,4.07094652778425,4.18671692806844
"3","LMIC",1.37246644049022,1.45656821513654,1.51622956783426
"4","LIC",0.110389028244205,0.116116434206455,0.1210227796118
