"","income_group","undiscvsly_pp_low","undiscvsly_pp_med","undiscvsly_pp_high"
"1","HIC",27882.3149360776,28961.3446746579,30527.9996943197
"2","UMIC",3560.12760825569,3708.49576075636,3813.25689847926
"3","LMIC",1015.61965666364,1079.65026973413,1124.65440619044
"4","LIC",230.761010325089,243.507537961398,253.63647974076
