"","income_group","undiscmonqalys_pp_low","undiscmonqalys_pp_med","undiscmonqalys_pp_high"
"1","HIC",5878.33904110013,6105.55955681365,6427.14773308031
"2","UMIC",661.141305614723,688.776288358359,708.368498225253
"3","LMIC",120.662369608741,128.172967833606,133.438335062327
"4","LIC",20.8346416180432,21.9231690622458,22.8724966367098
