"","income_group","undiscmonqalys_pp_low","undiscmonqalys_pp_med","undiscmonqalys_pp_high"
"1","HIC",5944.40896077761,6172.70506310533,6497.46375173767
"2","UMIC",665.324550453031,693.183380790771,712.896269898203
"3","LMIC",121.026159620268,128.442380886165,133.703408902396
"4","LIC",21.038101656153,22.1296390197515,23.0646974674943
