"","income_group","undiscmonqalys_pp_gdppc_low","undiscmonqalys_pp_gdppc_med","undiscmonqalys_pp_gdppc_high"
"1","HIC",13.7319881237127,14.2627825201274,15.01402279163
"2","UMIC",8.29016105990396,8.6366807159696,8.88235070200227
"3","LMIC",4.47562361375893,4.75420765680117,4.94951131261689
"4","LIC",3.09882069070831,3.26072178928913,3.4019191270663
