"","income_group","undiscqaly_pp_low","undiscqaly_pp_med","undiscqaly_pp_high"
"1","HIC",0.0558422123531245,0.0579090038413916,0.0613010534973806
"2","UMIC",0.0419191124779709,0.0431596423764,0.0445376828111999
"3","LMIC",0.0435796127734979,0.0462786938744149,0.0476564975633317
"4","LIC",0.0556729567313134,0.0591656722846279,0.0623499623314321
