"","income_group","mean_undiscmonqalys_pgdp_low","mean_undiscmonqalys_pgdp_med","mean_undiscmonqalys_pgdp_high"
"1","HIC",0.163786754440829,0.169572741786766,0.178647515721823
"2","UMIC",0.0563927720177752,0.0585114983702685,0.0602328453841737
"3","LMIC",0.0176385821771222,0.018886467052688,0.0196793560100103
"4","LIC",0.000966272179431637,0.00101715806596112,0.00107491841005097
