"","income_group","undiscvsly_pgdp_low","undiscvsly_pgdp_med","undiscvsly_pgdp_high"
"1","HIC",39.3834128023072,40.9075284906171,43.1204086442055
"2","UMIC",20.9080158684183,21.7793564573507,22.3946005640015
"3","LMIC",11.5173768997262,12.2434998129789,12.7538577980899
"4","LIC",1.21082615260523,1.27770846082188,1.33085603366094
