"","income_group","undiscvsly_pp_gdppc_low","undiscvsly_pp_gdppc_med","undiscvsly_pp_gdppc_high"
"1","HIC",64.2593571014809,66.7461576936666,70.3567705353218
"2","UMIC",44.6796526905164,46.5416751384453,47.856428923694
"3","LMIC",37.2545743336916,39.6033209521871,41.2541455851436
"4","LIC",33.0533242820879,34.8790881355222,36.3299190050699
