"","income_group","vsly_pgdp_undiscounted_low","vsly_pgdp_undiscounted_med","vsly_pgdp_undiscounted_high"
"1","HIC",105.026627673196,108.898611270431,114.766340740084
"2","UMIC",41.9667056532837,43.5811154141887,44.9975696738637
"3","LMIC",21.1804976748719,22.8667358105113,23.8887666142203
"4","LIC",1.75021260620114,1.84324359357346,1.95668339897367
