"","income_group","vsly_undisc_averted_low","vsly_undisc_averted_med","vsly_undisc_averted_high","vsly_disc_averted_low","vsly_disc_averted_med","vsly_disc_averted_high"
"1","HIC",23185193328929.3,24082447131348.6,25385179691176.2,32128416824614.7,33336710918645.4,35157305197110.9
"2","UMIC",2028239789394.93,2112766588289.17,2172450041044.95,2869975590204.69,2985373257537.2,3072659817331.61
"3","LMIC",1007024649504.38,1070513382970.49,1115136657484.53,1427911839488.65,1515695494913.13,1577360122430.4
"4","LIC",5275498523.72562,5566900817.52406,5798461674.91782,7822314642.80311,8254538378.64391,8617158325.83432
