"","income_group","vsly_pgdp_discounted_low","vsly_pgdp_discounted_med","vsly_pgdp_discounted_high"
"1","H",67.658455085483,69.6777392843187,71.6011528683353
"2","UM",29.2177368244054,29.9023404615734,30.7398661104826
"3","LM",14.9506800493512,15.361120682782,16.0014144298302
"4","L",2.98115225313387,3.13460451570164,3.284659330498
