"","vsly_undisc_low","vsly_undisc_med","vsly_undisc_high","vsly_disc_low","vsly_disc_med","vsly_disc_high"
"1",88.4639139362278,91.4167239234633,96.013900203557,122.852014138933,126.923146767117,133.301785103527
