"","income_group","vsly_pgdp_discounted_low","vsly_pgdp_discounted_med","vsly_pgdp_discounted_high"
"1","HIC",72.5803162776048,75.2193557113026,79.2636964614209
"2","UMIC",28.2822850625162,29.4372173167346,30.3746495514991
"3","LMIC",13.8858833233905,14.9952216320289,15.6309475681347
"4","LIC",1.02314897905176,1.0811174940653,1.14117381071243
