"","income_group","vsly_disc_low_low","vsly_disc_low_med","vsly_disc_low_high"
"1","HIC",5834118504323.79,6054064157805.24,6384770260974.03
"2","UMIC",519173421948.332,540272528938.44,555818845586.21
"3","LMIC",257830098150.902,273894310608.734,285143646660.824
"4","LIC",1401490480.99957,1479414947.60599,1544344475.10314
