"","income_group","vsly_undisc_low_low","vsly_undisc_low_med","vsly_undisc_low_high"
"1","HIC",4209509048551.84,4372767557250.29,4609720060863.18
"2","UMIC",366837377797.601,382273267094.887,392913388370.396
"3","LMIC",181831517987.531,193492333905.691,201596855444.961
"4","LIC",942974080.791194,994461013.346649,1037784955.24508
