"","income_group","vsly_undisc_averted_low","vsly_undisc_averted_med","vsly_undisc_averted_high","vsly_disc_averted_low","vsly_disc_averted_med","vsly_disc_averted_high"
"1","HIC",23152299767035.1,24050221564876.6,25353460334747.5,32087651773780.8,33297352867928.8,35116236435357.2
"2","UMIC",2017605577886.81,2102502969021.88,2161023636037.17,2855453820715.82,2971498909161.42,3057003650724.16
"3","LMIC",1000073348931.42,1064207836481.3,1108782704947.29,1418065539829.96,1506418708348.04,1568290056634.53
"4","LIC",5186357444.35157,5469535573.40657,5707817253.84796,7708197645.49764,8136782211.83294,8493894613.06727
