"","total_low","total_med","total_high"
"1",8.07429669620938e+20,8.51306168881799e+20,9.01740201257773e+20
