"","total_low","total_med","total_high"
"1",8.07429671733581e+20,8.51306171080718e+20,9.01740203529462e+20
